Gender,avg_cost,avg_stay
Female,10458.015267175573,37.715648854961835
Male,5986.086956521739,37.60434782608696
