Outcome,avg_satisfaction,count
Recovered,3.8358714043993234,591
Stable,3.241730279898219,393
